{
  "invoices": [
    {
      "id": 1,
      "number": "FAT L 31072020 000001",
      "customerFrom": "Apollo SRL",
      "customerTo": "Valerio Mastrangelo",
      "dateStart": "1596146400000",
      "dateEnd": "1604012400000",
      "amount": 124,
      "tax": 32.4,
      "total": 156.4,
      "type": "Luce",
      "description": ""
    },
    {
      "id": 2,
      "number": "FAT G 31072020 000002",
      "customerFrom": "Apollo SRL",
      "customerTo": "Atlas SRL",
      "dateStart": "1596146400000",
      "dateEnd": "1604012400000",
      "amount": 720,
      "tax": 194.4,
      "total": 914.4,
      "type": "Gas",
      "description": "Marzo-Aprile"
    }
  ]
}
