{
  "users": [
    {
      "name": "Giorgio Locascio",
      "city": "Salerno",
      "district": "SA",
      "country": "Italia",
      "phoneNumber": "012 412422"
    },
    {
      "name": "Valerio Mastrangelo",
      "city": "Salerno",
      "district": "SA",
      "country": "Italia",
      "phoneNumber": "012 124253"
    },
    {
      "name": "Alberto Polito",
      "city": "Battipaglia",
      "district": "SA",
      "country": "Italia",
      "phoneNumber": "012 674729"
    },
    {
      "name": "Atlas SRL",
      "city": "Eboli",
      "district": "SA",
      "country": "Italia",
      "phoneNumber": "012 974822",
      "vatNumber": "0124124812"
    },
    {
      "name": "Divani & Salotti",
      "city": "Eboli",
      "district": "SA",
      "country": "Italia",
      "phoneNumber": "012 214415",
      "vatNumber": "0158279828"
    }
  ]
}
