{
  "users": [
    {
      "name": "Giorgio Locascio",
      "fiscalCode": "LCSGRG80A01H703L",
      "city": "Salerno",
      "district": "SA",
      "zipCode": "84121",
      "phoneNumber": "012 412422",
      "email": "giorgio@locascio.it"
    },
    {
      "name": "Valerio Mastrangelo",
      "fiscalCode": "MSTVLR80A01H703N",
      "city": "Salerno",
      "district": "SA",
      "zipCode": "84121",
      "phoneNumber": "012 124253",
      "email": "valerio@mastrangelo.it"
    },
    {
      "name": "Alberto Polito",
      "fiscalCode": "PLTLRT80A01A717R",
      "city": "Battipaglia",
      "district": "SA",
      "zipCode": "84091",
      "phoneNumber": "012 674729",
      "email": "alberto@polito.it"
    },
    {
      "name": "Atlas SRL",
      "city": "Eboli",
      "district": "SA",
      "zipCode": "84025",
      "phoneNumber": "012 974822",
      "vatNumber": "0124124812",
      "email": "info@atlassrl.it"
    },
    {
      "name": "Divani & Salotti",
      "city": "Eboli",
      "district": "SA",
      "zipCode": "84025",
      "phoneNumber": "012 214415",
      "vatNumber": "0158279828",
      "email": "info@divaniesalotti.it"
    },
    {
      "name": "Federico Malone",
      "fiscalCode": "MLNFRC80A01H703L",
      "city": "Salerno",
      "district": "SA",
      "zipCode": "84121",
      "phoneNumber": "012 412422",
      "email": "federico@malone.it"
    },
    {
      "name": "Silvia Mastrangelo",
      "fiscalCode": "MSTSLV80A41D390H",
      "city": "Eboli",
      "district": "SA",
      "zipCode": "84025",
      "phoneNumber": "012 124253",
      "email": "silvia@mastrangelo.it"
    },
    {
      "name": "Pegaso Srl",
      "city": "Battipaglia",
      "district": "SA",
      "zipCode": "84091",
      "phoneNumber": "012 674729",
      "email": "info@pegaso.it",
      "vatNumber": "1292595159"
    },
    {
      "name": "Cuggini Di Matteo",
      "city": "Salerno",
      "district": "SA",
      "zipCode": "84125",
      "phoneNumber": "012 974822",
      "vatNumber": "1025791257",
      "email": "info@cugginidimatteo.it"
    },
    {
      "name": "Giovanna Torcia",
      "fiscalCode": "TRCGNN80A41H703A",
      "city": "Salerno",
      "district": "SA",
      "zipCode": "84125",
      "phoneNumber": "012 214415",
      "email": "giovanna@torcia.it"
    }
  ]
}
