{
  "contracts": [
    {
      "id": 1,
      "customer": "Antonio De Gennaro",
      "city": "Salerno",
      "registrationDate": 1591912800000,
      "endDate": 1607727600000,
      "status": "active",
      "power": 48
    },
    {
      "id": 2,
      "customer": "Francesca Pia",
      "city": "Eboli",
      "registrationDate": 1584226800000,
      "endDate": 1600120800000,
      "status": "inactive",
      "power": 80
    },
    {
      "id": 3,
      "customer": "Vincenzo De Santis",
      "city": "Albanella",
      "registrationDate": 1591912800000,
      "endDate": 1607727600000,
      "status": "working",
      "power": 16
    },
    {
      "id": 4,
      "customer": "Ada Sinagra",
      "city": "Salerno",
      "registrationDate": 1591912800000,
      "endDate": 1607727600000,
      "status": "active",
      "power": 60
    },
    {
      "id": 5,
      "customer": "Pino Malinari",
      "city": "Battipaglia",
      "registrationDate": 1584226800000,
      "endDate": 1600120800000,
      "status": "active",
      "power": 30
    },
    {
      "id": 6,
      "customer": "Luigi Lorenzin",
      "city": "Eboli",
      "registrationDate": 1591912800000,
      "endDate": 1607727600000,
      "status": "inactive",
      "power": 45
    },
    {
      "id": 7,
      "customer": "Silvia Salerno",
      "city": "Matinella",
      "registrationDate": 1591912800000,
      "endDate": 1607727600000,
      "status": "active",
      "power": 50
    },
    {
      "id": 8,
      "customer": "Marco Marino",
      "city": "Battipaglia",
      "registrationDate": 1584226800000,
      "endDate": 1600120800000,
      "status": "active",
      "power": 60
    },
    {
      "id": 9,
      "customer": "Alberto Golino",
      "city": "Albanella",
      "registrationDate": 1591912800000,
      "endDate": 1607727600000,
      "status": "active",
      "power": 30
    },
    {
      "id": 10,
      "customer": "Giulia Tolli",
      "city": "Altavilla",
      "registrationDate": 1584226800000,
      "endDate": 1600120800000,
      "status": "working",
      "power": 45
    }
  ]
}
